-- INSERT INTO customers
INSERT INTO customers (ID, REF_NO, NAME) VALUES
(1, 'CUST001', 'Customer 1'),
(2, 'CUST002', 'Customer 2'),
(3, 'CUST003', 'Customer 3'),
(4, 'CUST004', 'Customer 4'),
(5, 'CUST005', 'Customer 5'),
(6, 'CUST006', 'Customer 6'),
(7, 'CUST007', 'Customer 7'),
(8, 'CUST008', 'Customer 8'),
(9, 'CUST009', 'Customer 9'),
(10, 'CUST010', 'Customer 10'),
(11, 'CUST011', 'Customer 11'),
(12, 'CUST012', 'Customer 12'),
(13, 'CUST013', 'Customer 13'),
(14, 'CUST014', 'Customer 14'),
(15, 'CUST015', 'Customer 15'),
(16, 'CUST016', 'Customer 16'),
(17, 'CUST017', 'Customer 17'),
(18, 'CUST018', 'Customer 18'),
(19, 'CUST019', 'Customer 19'),
(20, 'CUST020', 'Customer 20'),
(21, 'CUST021', 'Customer 21'),
(22, 'CUST022', 'Customer 22'),
(23, 'CUST023', 'Customer 23'),
(24, 'CUST024', 'Customer 24'),
(25, 'CUST025', 'Customer 25'),
(26, 'CUST026', 'Customer 26'),
(27, 'CUST027', 'Customer 27'),
(28, 'CUST028', 'Customer 28'),
(29, 'CUST029', 'Customer 29'),
(30, 'CUST030', 'Customer 30'),
(31, 'CUST031', 'Customer 31'),
(32, 'CUST032', 'Customer 32'),
(33, 'CUST033', 'Customer 33'),
(34, 'CUST034', 'Customer 34'),
(35, 'CUST035', 'Customer 35'),
(36, 'CUST036', 'Customer 36'),
(37, 'CUST037', 'Customer 37'),
(38, 'CUST038', 'Customer 38'),
(39, 'CUST039', 'Customer 39'),
(40, 'CUST040', 'Customer 40'),
(41, 'CUST041', 'Customer 41'),
(42, 'CUST042', 'Customer 42'),
(43, 'CUST043', 'Customer 43'),
(44, 'CUST044', 'Customer 44'),
(45, 'CUST045', 'Customer 45'),
(46, 'CUST046', 'Customer 46'),
(47, 'CUST047', 'Customer 47'),
(48, 'CUST048', 'Customer 48'),
(49, 'CUST049', 'Customer 49'),
(50, 'CUST050', 'Customer 50'),
(51, 'CUST051', 'Customer 51'),
(52, 'CUST052', 'Customer 52'),
(53, 'CUST053', 'Customer 53'),
(54, 'CUST054', 'Customer 54'),
(55, 'CUST055', 'Customer 55'),
(56, 'CUST056', 'Customer 56'),
(57, 'CUST057', 'Customer 57'),
(58, 'CUST058', 'Customer 58'),
(59, 'CUST059', 'Customer 59'),
(60, 'CUST060', 'Customer 60'),
(61, 'CUST061', 'Customer 61'),
(62, 'CUST062', 'Customer 62'),
(63, 'CUST063', 'Customer 63'),
(64, 'CUST064', 'Customer 64'),
(65, 'CUST065', 'Customer 65'),
(66, 'CUST066', 'Customer 66'),
(67, 'CUST067', 'Customer 67'),
(68, 'CUST068', 'Customer 68'),
(69, 'CUST069', 'Customer 69'),
(70, 'CUST070', 'Customer 70'),
(71, 'CUST071', 'Customer 71'),
(72, 'CUST072', 'Customer 72'),
(73, 'CUST073', 'Customer 73'),
(74, 'CUST074', 'Customer 74'),
(75, 'CUST075', 'Customer 75'),
(76, 'CUST076', 'Customer 76'),
(77, 'CUST077', 'Customer 77'),
(78, 'CUST078', 'Customer 78'),
(79, 'CUST079', 'Customer 79'),
(80, 'CUST080', 'Customer 80'),
(81, 'CUST081', 'Customer 81'),
(82, 'CUST082', 'Customer 82'),
(83, 'CUST083', 'Customer 83'),
(84, 'CUST084', 'Customer 84'),
(85, 'CUST085', 'Customer 85'),
(86, 'CUST086', 'Customer 86'),
(87, 'CUST087', 'Customer 87'),
(88, 'CUST088', 'Customer 88'),
(89, 'CUST089', 'Customer 89'),
(90, 'CUST090', 'Customer 90'),
(91, 'CUST091', 'Customer 91'),
(92, 'CUST092', 'Customer 92'),
(93, 'CUST093', 'Customer 93'),
(94, 'CUST094', 'Customer 94'),
(95, 'CUST095', 'Customer 95'),
(96, 'CUST096', 'Customer 96'),
(97, 'CUST097', 'Customer 97'),
(98, 'CUST098', 'Customer 98'),
(99, 'CUST099', 'Customer 99'),
(100, 'CUST100', 'Customer 100');

-- INSERT INTO items
INSERT INTO items (ID, REF_NO, NAME, PRICE) VALUES
(1, 'ITEM001', 'Item 1', 1031.22),
(2, 'ITEM002', 'Item 2', 1367.76),
(3, 'ITEM003', 'Item 3', 844.41),
(4, 'ITEM004', 'Item 4', 1192.7),
(5, 'ITEM005', 'Item 5', 1946.29),
(6, 'ITEM006', 'Item 6', 1951.72),
(7, 'ITEM007', 'Item 7', 1506.56),
(8, 'ITEM008', 'Item 8', 378.58),
(9, 'ITEM009', 'Item 9', 340.79),
(10, 'ITEM010', 'Item 10', 212.37),
(11, 'ITEM011', 'Item 11', 1342.42),
(12, 'ITEM012', 'Item 12', 289.3),
(13, 'ITEM013', 'Item 13', 1487.47),
(14, 'ITEM014', 'Item 14', 1827.73),
(15, 'ITEM015', 'Item 15', 1186.68),
(16, 'ITEM016', 'Item 16', 1378.77),
(17, 'ITEM017', 'Item 17', 1994.33),
(18, 'ITEM018', 'Item 18', 1214.92),
(19, 'ITEM019', 'Item 19', 1872.61),
(20, 'ITEM020', 'Item 20', 60.84),
(21, 'ITEM021', 'Item 21', 139.58),
(22, 'ITEM022', 'Item 22', 1163.89),
(23, 'ITEM023', 'Item 23', 1080.02),
(24, 'ITEM024', 'Item 24', 1560.44),
(25, 'ITEM025', 'Item 25', 197.35),
(26, 'ITEM026', 'Item 26', 994.53),
(27, 'ITEM027', 'Item 27', 1973.09),
(28, 'ITEM028', 'Item 28', 247.17),
(29, 'ITEM029', 'Item 29', 1480.74),
(30, 'ITEM030', 'Item 30', 451.54),
(31, 'ITEM031', 'Item 31', 131.87),
(32, 'ITEM032', 'Item 32', 1481.92),
(33, 'ITEM033', 'Item 33', 1168.07),
(34, 'ITEM034', 'Item 34', 666.14),
(35, 'ITEM035', 'Item 35', 1888.13),
(36, 'ITEM036', 'Item 36', 1052.09),
(37, 'ITEM037', 'Item 37', 943.67),
(38, 'ITEM038', 'Item 38', 1631.07),
(39, 'ITEM039', 'Item 39', 1303.45),
(40, 'ITEM040', 'Item 40', 538.82),
(41, 'ITEM041', 'Item 41', 1934.7),
(42, 'ITEM042', 'Item 42', 619.15),
(43, 'ITEM043', 'Item 43', 157.58),
(44, 'ITEM044', 'Item 44', 1461.0),
(45, 'ITEM045', 'Item 45', 646.36),
(46, 'ITEM046', 'Item 46', 1201.0),
(47, 'ITEM047', 'Item 47', 1934.74),
(48, 'ITEM048', 'Item 48', 353.42),
(49, 'ITEM049', 'Item 49', 371.19),
(50, 'ITEM050', 'Item 50', 129.16),
(51, 'ITEM051', 'Item 51', 348.14),
(52, 'ITEM052', 'Item 52', 1798.27),
(53, 'ITEM053', 'Item 53', 1842.41),
(54, 'ITEM054', 'Item 54', 1490.53),
(55, 'ITEM055', 'Item 55', 1093.81),
(56, 'ITEM056', 'Item 56', 1646.99),
(57, 'ITEM057', 'Item 57', 587.13),
(58, 'ITEM058', 'Item 58', 81.84),
(59, 'ITEM059', 'Item 59', 835.22),
(60, 'ITEM060', 'Item 60', 1592.49),
(61, 'ITEM061', 'Item 61', 227.82),
(62, 'ITEM062', 'Item 62', 618.16),
(63, 'ITEM063', 'Item 63', 1601.18),
(64, 'ITEM064', 'Item 64', 587.88),
(65, 'ITEM065', 'Item 65', 826.84),
(66, 'ITEM066', 'Item 66', 126.86),
(67, 'ITEM067', 'Item 67', 1393.99),
(68, 'ITEM068', 'Item 68', 1753.26),
(69, 'ITEM069', 'Item 69', 857.55),
(70, 'ITEM070', 'Item 70', 336.94),
(71, 'ITEM071', 'Item 71', 918.8),
(72, 'ITEM072', 'Item 72', 980.26),
(73, 'ITEM073', 'Item 73', 1625.52),
(74, 'ITEM074', 'Item 74', 1356.44),
(75, 'ITEM075', 'Item 75', 1423.86),
(76, 'ITEM076', 'Item 76', 1260.98),
(77, 'ITEM077', 'Item 77', 255.67),
(78, 'ITEM078', 'Item 78', 848.11),
(79, 'ITEM079', 'Item 79', 284.36),
(80, 'ITEM080', 'Item 80', 781.85),
(81, 'ITEM081', 'Item 81', 733.29),
(82, 'ITEM082', 'Item 82', 201.24),
(83, 'ITEM083', 'Item 83', 234.06),
(84, 'ITEM084', 'Item 84', 73.35),
(85, 'ITEM085', 'Item 85', 1853.92),
(86, 'ITEM086', 'Item 86', 1028.93),
(87, 'ITEM087', 'Item 87', 1773.29),
(88, 'ITEM088', 'Item 88', 878.13),
(89, 'ITEM089', 'Item 89', 908.61),
(90, 'ITEM090', 'Item 90', 1758.92),
(91, 'ITEM091', 'Item 91', 93.09),
(92, 'ITEM092', 'Item 92', 498.69),
(93, 'ITEM093', 'Item 93', 703.49),
(94, 'ITEM094', 'Item 94', 1203.11),
(95, 'ITEM095', 'Item 95', 1555.7),
(96, 'ITEM096', 'Item 96', 567.14),
(97, 'ITEM097', 'Item 97', 301.12),
(98, 'ITEM098', 'Item 98', 787.74),
(99, 'ITEM099', 'Item 99', 380.94),
(100, 'ITEM100', 'Item 100', 511.45);

-- INSERT INTO suppliers
INSERT INTO suppliers (ID, REF_NO, NAME) VALUES
(1, 'SUP001', 'Supplier 1'),
(2, 'SUP002', 'Supplier 2'),
(3, 'SUP003', 'Supplier 3'),
(4, 'SUP004', 'Supplier 4'),
(5, 'SUP005', 'Supplier 5'),
(6, 'SUP006', 'Supplier 6'),
(7, 'SUP007', 'Supplier 7'),
(8, 'SUP008', 'Supplier 8'),
(9, 'SUP009', 'Supplier 9'),
(10, 'SUP010', 'Supplier 10'),
(11, 'SUP011', 'Supplier 11'),
(12, 'SUP012', 'Supplier 12'),
(13, 'SUP013', 'Supplier 13'),
(14, 'SUP014', 'Supplier 14'),
(15, 'SUP015', 'Supplier 15'),
(16, 'SUP016', 'Supplier 16'),
(17, 'SUP017', 'Supplier 17'),
(18, 'SUP018', 'Supplier 18'),
(19, 'SUP019', 'Supplier 19'),
(20, 'SUP020', 'Supplier 20'),
(21, 'SUP021', 'Supplier 21'),
(22, 'SUP022', 'Supplier 22'),
(23, 'SUP023', 'Supplier 23'),
(24, 'SUP024', 'Supplier 24'),
(25, 'SUP025', 'Supplier 25'),
(26, 'SUP026', 'Supplier 26'),
(27, 'SUP027', 'Supplier 27'),
(28, 'SUP028', 'Supplier 28'),
(29, 'SUP029', 'Supplier 29'),
(30, 'SUP030', 'Supplier 30'),
(31, 'SUP031', 'Supplier 31'),
(32, 'SUP032', 'Supplier 32'),
(33, 'SUP033', 'Supplier 33'),
(34, 'SUP034', 'Supplier 34'),
(35, 'SUP035', 'Supplier 35'),
(36, 'SUP036', 'Supplier 36'),
(37, 'SUP037', 'Supplier 37'),
(38, 'SUP038', 'Supplier 38'),
(39, 'SUP039', 'Supplier 39'),
(40, 'SUP040', 'Supplier 40'),
(41, 'SUP041', 'Supplier 41'),
(42, 'SUP042', 'Supplier 42'),
(43, 'SUP043', 'Supplier 43'),
(44, 'SUP044', 'Supplier 44'),
(45, 'SUP045', 'Supplier 45'),
(46, 'SUP046', 'Supplier 46'),
(47, 'SUP047', 'Supplier 47'),
(48, 'SUP048', 'Supplier 48'),
(49, 'SUP049', 'Supplier 49'),
(50, 'SUP050', 'Supplier 50'),
(51, 'SUP051', 'Supplier 51'),
(52, 'SUP052', 'Supplier 52'),
(53, 'SUP053', 'Supplier 53'),
(54, 'SUP054', 'Supplier 54'),
(55, 'SUP055', 'Supplier 55'),
(56, 'SUP056', 'Supplier 56'),
(57, 'SUP057', 'Supplier 57'),
(58, 'SUP058', 'Supplier 58'),
(59, 'SUP059', 'Supplier 59'),
(60, 'SUP060', 'Supplier 60'),
(61, 'SUP061', 'Supplier 61'),
(62, 'SUP062', 'Supplier 62'),
(63, 'SUP063', 'Supplier 63'),
(64, 'SUP064', 'Supplier 64'),
(65, 'SUP065', 'Supplier 65'),
(66, 'SUP066', 'Supplier 66'),
(67, 'SUP067', 'Supplier 67'),
(68, 'SUP068', 'Supplier 68'),
(69, 'SUP069', 'Supplier 69'),
(70, 'SUP070', 'Supplier 70'),
(71, 'SUP071', 'Supplier 71'),
(72, 'SUP072', 'Supplier 72'),
(73, 'SUP073', 'Supplier 73'),
(74, 'SUP074', 'Supplier 74'),
(75, 'SUP075', 'Supplier 75'),
(76, 'SUP076', 'Supplier 76'),
(77, 'SUP077', 'Supplier 77'),
(78, 'SUP078', 'Supplier 78'),
(79, 'SUP079', 'Supplier 79'),
(80, 'SUP080', 'Supplier 80'),
(81, 'SUP081', 'Supplier 81'),
(82, 'SUP082', 'Supplier 82'),
(83, 'SUP083', 'Supplier 83'),
(84, 'SUP084', 'Supplier 84'),
(85, 'SUP085', 'Supplier 85'),
(86, 'SUP086', 'Supplier 86'),
(87, 'SUP087', 'Supplier 87'),
(88, 'SUP088', 'Supplier 88'),
(89, 'SUP089', 'Supplier 89'),
(90, 'SUP090', 'Supplier 90'),
(91, 'SUP091', 'Supplier 91'),
(92, 'SUP092', 'Supplier 92'),
(93, 'SUP093', 'Supplier 93'),
(94, 'SUP094', 'Supplier 94'),
(95, 'SUP095', 'Supplier 95'),
(96, 'SUP096', 'Supplier 96'),
(97, 'SUP097', 'Supplier 97'),
(98, 'SUP098', 'Supplier 98'),
(99, 'SUP099', 'Supplier 99'),
(100, 'SUP100', 'Supplier 100');

-- INSERT INTO invoice
INSERT INTO invoice (KODE, DATE, CUSTOMER_ID) VALUES
('INV001', '2025-04-01', 1),
('INV002', '2025-04-02', 2),
('INV003', '2025-04-03', 3),
('INV004', '2025-04-04', 4),
('INV005', '2025-04-05', 5),
('INV006', '2025-04-06', 6),
('INV007', '2025-04-07', 7),
('INV008', '2025-04-08', 8),
('INV009', '2025-04-09', 9),
('INV010', '2025-04-10', 10),
('INV011', '2025-04-11', 11),
('INV012', '2025-04-12', 12),
('INV013', '2025-04-13', 13),
('INV014', '2025-04-14', 14),
('INV015', '2025-04-15', 15),
('INV016', '2025-04-16', 16),
('INV017', '2025-04-17', 17),
('INV018', '2025-04-18', 18),
('INV019', '2025-04-19', 19),
('INV020', '2025-04-20', 20),
('INV021', '2025-04-21', 21),
('INV022', '2025-04-22', 22),
('INV023', '2025-04-23', 23),
('INV024', '2025-04-24', 24),
('INV025', '2025-04-25', 25),
('INV026', '2025-04-26', 26),
('INV027', '2025-04-27', 27),
('INV028', '2025-04-28', 28),
('INV029', '2025-04-29', 29),
('INV030', '2025-04-30', 30),
('INV031', '2025-05-01', 31),
('INV032', '2025-05-02', 32),
('INV033', '2025-05-03', 33),
('INV034', '2025-05-04', 34),
('INV035', '2025-05-05', 35),
('INV036', '2025-05-06', 36),
('INV037', '2025-05-07', 37),
('INV038', '2025-05-08', 38),
('INV039', '2025-05-09', 39),
('INV040', '2025-05-10', 40),
('INV041', '2025-05-11', 41),
('INV042', '2025-05-12', 42),
('INV043', '2025-05-13', 43),
('INV044', '2025-05-14', 44),
('INV045', '2025-05-15', 45),
('INV046', '2025-05-16', 46),
('INV047', '2025-05-17', 47),
('INV048', '2025-05-18', 48),
('INV049', '2025-05-19', 49),
('INV050', '2025-05-20', 50),
('INV051', '2025-05-21', 51),
('INV052', '2025-05-22', 52),
('INV053', '2025-05-23', 53),
('INV054', '2025-05-24', 54),
('INV055', '2025-05-25', 55),
('INV056', '2025-05-26', 56),
('INV057', '2025-05-27', 57),
('INV058', '2025-05-28', 58),
('INV059', '2025-05-29', 59),
('INV060', '2025-05-30', 60),
('INV061', '2025-05-31', 61),
('INV062', '2025-06-01', 62),
('INV063', '2025-06-02', 63),
('INV064', '2025-06-03', 64),
('INV065', '2025-06-04', 65),
('INV066', '2025-06-05', 66),
('INV067', '2025-06-06', 67),
('INV068', '2025-06-07', 68),
('INV069', '2025-06-08', 69),
('INV070', '2025-06-09', 70),
('INV071', '2025-06-10', 71),
('INV072', '2025-06-11', 72),
('INV073', '2025-06-12', 73),
('INV074', '2025-06-13', 74),
('INV075', '2025-06-14', 75),
('INV076', '2025-06-15', 76),
('INV077', '2025-06-16', 77),
('INV078', '2025-06-17', 78),
('INV079', '2025-06-18', 79),
('INV080', '2025-06-19', 80),
('INV081', '2025-06-20', 81),
('INV082', '2025-06-21', 82),
('INV083', '2025-06-22', 83),
('INV084', '2025-06-23', 84),
('INV085', '2025-06-24', 85),
('INV086', '2025-06-25', 86),
('INV087', '2025-06-26', 87),
('INV088', '2025-06-27', 88),
('INV089', '2025-06-28', 89),
('INV090', '2025-06-29', 90),
('INV091', '2025-06-30', 91),
('INV092', '2025-07-01', 92),
('INV093', '2025-07-02', 93),
('INV094', '2025-07-03', 94),
('INV095', '2025-07-04', 95),
('INV096', '2025-07-05', 96),
('INV097', '2025-07-06', 97),
('INV098', '2025-07-07', 98),
('INV099', '2025-07-08', 99),
('INV100', '2025-07-09', 100);

-- INSERT INTO iteminv
INSERT INTO iteminv (INVOICE_ID, ITEM_ID, QTY, PRICE, TOTAL) VALUES
(1, 1, 3, 800.53, 2401.59),
(2, 2, 5, 1247.62, 6238.1),
(3, 3, 3, 1634.65, 4903.95),
(4, 4, 2, 1357.48, 2714.96),
(5, 5, 3, 730.45, 2191.35),
(6, 6, 5, 1578.19, 7890.95),
(7, 7, 3, 1811.55, 5434.65),
(8, 8, 1, 1063.09, 1063.09),
(9, 9, 3, 1606.17, 4818.51),
(10, 10, 3, 1963.82, 5891.46),
(11, 11, 2, 1677.26, 3354.52),
(12, 12, 5, 1352.09, 6760.45),
(13, 13, 1, 1122.35, 1122.35),
(14, 14, 5, 189.92, 949.6),
(15, 15, 1, 471.91, 471.91),
(16, 16, 4, 1599.02, 6396.08),
(17, 17, 2, 1676.48, 3352.96),
(18, 18, 5, 1272.0, 6360.0),
(19, 19, 3, 1492.46, 4477.38),
(20, 20, 1, 1520.9, 1520.9),
(21, 21, 1, 1787.24, 1787.24),
(22, 22, 5, 1405.67, 7028.35),
(23, 23, 5, 645.58, 3227.9),
(24, 24, 3, 1786.68, 5360.04),
(25, 25, 4, 552.52, 2210.08),
(26, 26, 2, 1743.44, 3486.88),
(27, 27, 1, 244.54, 244.54),
(28, 28, 3, 1941.72, 5825.16),
(29, 29, 4, 1663.94, 6655.76),
(30, 30, 1, 1115.23, 1115.23),
(31, 31, 5, 156.31, 781.55),
(32, 32, 5, 479.59, 2397.95),
(33, 33, 4, 994.88, 3979.52),
(34, 34, 5, 1680.02, 8400.1),
(35, 35, 2, 949.87, 1899.74),
(36, 36, 4, 1053.64, 4214.56),
(37, 37, 5, 985.48, 4927.4),
(38, 38, 5, 1818.28, 9091.4),
(39, 39, 2, 175.57, 351.14),
(40, 40, 1, 699.8, 699.8),
(41, 41, 4, 760.01, 3040.04),
(42, 42, 4, 1711.58, 6846.32),
(43, 43, 3, 1248.41, 3745.23),
(44, 44, 4, 1242.95, 4971.8),
(45, 45, 4, 550.56, 2202.24),
(46, 46, 3, 1303.63, 3910.89),
(47, 47, 1, 178.56, 178.56),
(48, 48, 5, 1413.69, 7068.45),
(49, 49, 5, 322.44, 1612.2),
(50, 50, 4, 1661.54, 6646.16),
(51, 51, 3, 726.0, 2178.0),
(52, 52, 5, 533.89, 2669.45),
(53, 53, 1, 422.31, 422.31),
(54, 54, 1, 1494.21, 1494.21),
(55, 55, 3, 1220.24, 3660.72),
(56, 56, 5, 1979.53, 9897.65),
(57, 57, 3, 1972.57, 5917.71),
(58, 58, 2, 1578.84, 3157.68),
(59, 59, 4, 1726.51, 6906.04),
(60, 60, 1, 931.97, 931.97),
(61, 61, 3, 1325.21, 3975.63),
(62, 62, 2, 1152.31, 2304.62),
(63, 63, 3, 1932.72, 5798.16),
(64, 64, 3, 736.89, 2210.67),
(65, 65, 3, 1360.96, 4082.88),
(66, 66, 3, 1679.51, 5038.53),
(67, 67, 4, 827.9, 3311.6),
(68, 68, 1, 1134.43, 1134.43),
(69, 69, 3, 316.65, 949.95),
(70, 70, 3, 1256.82, 3770.46),
(71, 71, 1, 975.16, 975.16),
(72, 72, 1, 1767.75, 1767.75),
(73, 73, 2, 1328.18, 2656.36),
(74, 74, 3, 1104.35, 3313.05),
(75, 75, 2, 501.33, 1002.66),
(76, 76, 3, 1944.59, 5833.77),
(77, 77, 1, 523.89, 523.89),
(78, 78, 5, 1111.2, 5556.0),
(79, 79, 1, 983.46, 983.46),
(80, 80, 2, 169.7, 339.4),
(81, 81, 3, 1956.21, 5868.63),
(82, 82, 2, 255.84, 511.68),
(83, 83, 1, 1760.04, 1760.04),
(84, 84, 1, 257.59, 257.59),
(85, 85, 4, 843.39, 3373.56),
(86, 86, 4, 697.84, 2791.36),
(87, 87, 1, 188.38, 188.38),
(88, 88, 1, 450.74, 450.74),
(89, 89, 1, 317.54, 317.54),
(90, 90, 5, 896.91, 4484.55),
(91, 91, 2, 192.31, 384.62),
(92, 92, 4, 1828.69, 7314.76),
(93, 93, 1, 1924.33, 1924.33),
(94, 94, 2, 179.62, 359.24),
(95, 95, 3, 810.63, 2431.89),
(96, 96, 2, 1668.21, 3336.42),
(97, 97, 5, 699.05, 3495.25),
(98, 98, 1, 694.54, 694.54),
(99, 99, 3, 1567.62, 4702.86),
(100, 100, 3, 1920.81, 5762.43);

-- INSERT INTO items_customers
INSERT INTO items_customers (Item, Customer, Harga) VALUES
(1, 1, 752.14),
(2, 2, 1949.28),
(3, 3, 344.54),
(4, 4, 1549.94),
(5, 5, 1446.73),
(6, 6, 724.33),
(7, 7, 1201.43),
(8, 8, 984.46),
(9, 9, 1732.6),
(10, 10, 1049.77),
(11, 11, 618.12),
(12, 12, 1776.46),
(13, 13, 341.62),
(14, 14, 1022.2),
(15, 15, 1118.56),
(16, 16, 1915.02),
(17, 17, 644.8),
(18, 18, 399.84),
(19, 19, 887.14),
(20, 20, 1766.66),
(21, 21, 998.69),
(22, 22, 1134.88),
(23, 23, 1937.04),
(24, 24, 628.89),
(25, 25, 981.03),
(26, 26, 1088.37),
(27, 27, 1287.08),
(28, 28, 957.85),
(29, 29, 1784.96),
(30, 30, 279.43),
(31, 31, 1112.38),
(32, 32, 1208.34),
(33, 33, 820.82),
(34, 34, 1436.93),
(35, 35, 1115.73),
(36, 36, 587.41),
(37, 37, 1638.43),
(38, 38, 992.68),
(39, 39, 1177.23),
(40, 40, 911.44),
(41, 41, 1234.18),
(42, 42, 1164.05),
(43, 43, 966.4),
(44, 44, 1472.28),
(45, 45, 1357.75),
(46, 46, 180.93),
(47, 47, 528.57),
(48, 48, 362.51),
(49, 49, 1489.43),
(50, 50, 1169.06),
(51, 51, 1450.58),
(52, 52, 1796.59),
(53, 53, 794.96),
(54, 54, 1319.61),
(55, 55, 1294.3),
(56, 56, 1164.48),
(57, 57, 414.96),
(58, 58, 218.31),
(59, 59, 502.39),
(60, 60, 1999.58),
(61, 61, 1523.65),
(62, 62, 1239.98),
(63, 63, 236.26),
(64, 64, 212.31),
(65, 65, 788.1),
(66, 66, 527.63),
(67, 67, 553.28),
(68, 68, 710.71),
(69, 69, 512.73),
(70, 70, 852.13),
(71, 71, 1722.62),
(72, 72, 1814.42),
(73, 73, 1349.64),
(74, 74, 1064.34),
(75, 75, 1794.15),
(76, 76, 1408.0),
(77, 77, 1520.53),
(78, 78, 1192.35),
(79, 79, 925.79),
(80, 80, 1035.24),
(81, 81, 1984.88),
(82, 82, 1788.97),
(83, 83, 781.34),
(84, 84, 853.51),
(85, 85, 181.32),
(86, 86, 1517.45),
(87, 87, 1313.07),
(88, 88, 138.57),
(89, 89, 1078.51),
(90, 90, 1461.81),
(91, 91, 106.84),
(92, 92, 1300.34),
(93, 93, 1770.26),
(94, 94, 198.25),
(95, 95, 1113.3),
(96, 96, 1618.91),
(97, 97, 1487.43),
(98, 98, 1104.77),
(99, 99, 157.22),
(100, 100, 725.42);

